ID,NAME,DATE_BEGIN,DATE_END
1,Поставщик 1,2019-01-01 08:00:00,2019-01-01 20:00:00
2,Поставщик 1,2019-01-02 08:00:00,2019-01-02 20:00:00
3,Поставщик 1,2019-01-03 08:00:00,2019-01-03 20:00:00
4,Поставщик 1,2019-01-05 08:00:00,2019-01-06 08:00:00
5,Поставщик 1,2019-01-08 20:00:00,2019-01-09 08:00:00
6,Поставщик 1,2019-01-10 20:00:00,2019-01-11 08:00:00
7,Поставщик 1,2019-01-11 20:00:00,2019-01-12 08:00:00
8,Поставщик 1,2019-01-13 20:00:00,2019-01-14 08:00:00
9,Поставщик 1,2019-01-16 08:00:00,2019-01-17 08:00:00
10,Поставщик 1,2019-01-19 08:00:00,2019-01-20 08:00:00
11,Поставщик 2,2019-01-01 08:00:00,2019-01-02 08:00:00
12,Поставщик 2,2019-01-04 08:00:00,2019-01-05 08:00:00
13,Поставщик 2,2019-01-07 08:00:00,2019-01-08 08:00:00
14,Поставщик 2,2019-01-08 08:00:00,2019-01-08 20:00:00
15,Поставщик 2,2019-01-09 20:00:00,2019-01-10 08:00:00
16,Поставщик 2,2019-01-12 08:00:00,2019-01-13 08:00:00
17,Поставщик 2,2019-01-15 20:00:00,2019-01-16 08:00:00
18,Поставщик 2,2019-01-17 20:00:00,2019-01-18 08:00:00
19,Поставщик 2,2019-01-19 08:00:00,2019-01-19 20:00:00
20,Поставщик 2,2019-01-20 08:00:00,2019-01-20 20:00:00
21,Поставщик 2,2019-01-22 08:00:00,2019-01-23 08:00:00
22,Поставщик 2,2019-01-25 20:00:00,2019-01-26 08:00:00
23,Поставщик 2,2019-01-27 20:00:00,2019-01-28 08:00:00
24,Поставщик 2,2019-01-29 08:00:00,2019-01-29 20:00:00
25,Поставщик 2,2019-01-30 08:00:00,2019-01-30 20:00:00
26,Поставщик 2,2019-02-01 08:00:00,2019-02-02 08:00:00
27,Поставщик 2,2019-02-04 20:00:00,2019-02-05 08:00:00
28,Поставщик 2,2019-02-06 20:00:00,2019-02-07 08:00:00
29,Поставщик 2,2019-02-08 08:00:00,2019-02-08 20:00:00
30,Поставщик 2,2019-02-09 08:00:00,2019-02-09 20:00:00
31,Поставщик 2,2019-02-11 08:00:00,2019-02-12 08:00:00
32,Поставщик 2,2019-02-14 20:00:00,2019-02-15 08:00:00
33,Поставщик 2,2019-02-16 20:00:00,2019-02-17 08:00:00
34,Поставщик 2,2019-02-18 08:00:00,2019-02-18 20:00:00
35,Поставщик 2,2019-02-19 08:00:00,2019-02-19 20:00:00
36,Поставщик 2,2019-02-21 08:00:00,2019-02-22 08:00:00
37,Поставщик 2,2019-02-24 20:00:00,2019-02-25 08:00:00
38,Поставщик 2,2019-02-26 20:00:00,2019-02-27 08:00:00
39,Поставщик 2,2019-02-28 08:00:00,2019-02-28 20:00:00
40,Поставщик 2,2019-03-01 08:00:00,2019-03-01 20:00:00
41,Поставщик 2,2019-03-03 08:00:00,2019-03-04 08:00:00
42,Поставщик 2,2019-03-06 20:00:00,2019-03-07 08:00:00
43,Поставщик 2,2019-03-08 20:00:00,2019-03-09 08:00:00
44,Поставщик 2,2019-03-10 08:00:00,2019-03-10 20:00:00
45,Поставщик 2,2019-03-11 08:00:00,2019-03-11 20:00:00
46,Поставщик 2,2019-03-13 08:00:00,2019-03-14 08:00:00
47,Поставщик 2,2019-03-16 20:00:00,2019-03-17 08:00:00
48,Поставщик 2,2019-03-18 20:00:00,2019-03-19 08:00:00
49,Поставщик 2,2019-03-20 08:00:00,2019-03-20 20:00:00
50,Поставщик 2,2019-03-21 08:00:00,2019-03-21 20:00:00
51,Поставщик 2,2019-03-23 08:00:00,2019-03-24 08:00:00
52,Поставщик 2,2019-03-26 20:00:00,2019-03-27 08:00:00
53,Поставщик 2,2019-03-28 20:00:00,2019-03-29 08:00:00
54,Поставщик 2,2019-03-30 08:00:00,2019-03-30 20:00:00
55,Поставщик 2,2019-03-31 08:00:00,2019-03-31 20:00:00
56,Поставщик 2,2019-04-02 08:00:00,2019-04-03 08:00:00
57,Поставщик 2,2019-04-05 20:00:00,2019-04-06 08:00:00
58,Поставщик 2,2019-04-07 20:00:00,2019-04-08 08:00:00
59,Поставщик 2,2019-04-09 08:00:00,2019-04-09 20:00:00
60,Поставщик 2,2019-04-10 08:00:00,2019-04-10 20:00:00
61,Поставщик 2,2019-04-12 08:00:00,2019-04-13 08:00:00
62,Поставщик 2,2019-04-15 20:00:00,2019-04-16 08:00:00
63,Поставщик 2,2019-04-17 20:00:00,2019-04-18 08:00:00
64,Поставщик 2,2019-04-19 08:00:00,2019-04-19 20:00:00
65,Поставщик 2,2019-04-20 08:00:00,2019-04-20 20:00:00
66,Поставщик 2,2019-04-22 08:00:00,2019-04-23 08:00:00
67,Поставщик 2,2019-04-25 20:00:00,2019-04-26 08:00:00
68,Поставщик 2,2019-04-27 20:00:00,2019-04-28 08:00:00
69,Поставщик 2,2019-04-29 08:00:00,2019-04-29 20:00:00
70,Поставщик 2,2019-04-30 08:00:00,2019-04-30 20:00:00
71,Поставщик 2,2019-05-02 08:00:00,2019-05-03 08:00:00
72,Поставщик 2,2019-05-05 20:00:00,2019-05-06 08:00:00
73,Поставщик 2,2019-05-07 20:00:00,2019-05-08 08:00:00
74,Поставщик 2,2019-05-09 08:00:00,2019-05-09 20:00:00
75,Поставщик 2,2019-05-10 08:00:00,2019-05-10 20:00:00
76,Поставщик 2,2019-05-12 08:00:00,2019-05-13 08:00:00
77,Поставщик 2,2019-05-15 20:00:00,2019-05-16 08:00:00
78,Поставщик 2,2019-05-17 20:00:00,2019-05-18 08:00:00
79,Поставщик 2,2019-05-19 08:00:00,2019-05-19 20:00:00
80,Поставщик 2,2019-05-20 08:00:00,2019-05-20 20:00:00
81,Поставщик 2,2019-05-22 08:00:00,2019-05-23 08:00:00
82,Поставщик 2,2019-05-25 20:00:00,2019-05-26 08:00:00
83,Поставщик 2,2019-05-27 20:00:00,2019-05-28 08:00:00
84,Поставщик 2,2019-05-29 08:00:00,2019-05-29 20:00:00
85,Поставщик 2,2019-05-30 08:00:00,2019-05-30 20:00:00
86,Поставщик 2,2019-06-01 08:00:00,2019-06-02 08:00:00
87,Поставщик 2,2019-06-04 20:00:00,2019-06-05 08:00:00
88,Поставщик 2,2019-06-06 20:00:00,2019-06-07 08:00:00
89,Поставщик 2,2019-06-08 08:00:00,2019-06-08 20:00:00
90,Поставщик 2,2019-06-09 08:00:00,2019-06-09 20:00:00
91,Поставщик 2,2019-06-11 08:00:00,2019-06-12 08:00:00
92,Поставщик 2,2019-06-14 20:00:00,2019-06-15 08:00:00
93,Поставщик 2,2019-06-16 20:00:00,2019-06-17 08:00:00
94,Поставщик 2,2019-06-18 08:00:00,2019-06-18 20:00:00
95,Поставщик 2,2019-06-19 08:00:00,2019-06-19 20:00:00
96,Поставщик 2,2019-06-21 08:00:00,2019-06-22 08:00:00
97,Поставщик 2,2019-06-24 20:00:00,2019-06-25 08:00:00
98,Поставщик 2,2019-06-26 20:00:00,2019-06-27 08:00:00
99,Поставщик 2,2019-06-28 08:00:00,2019-06-28 20:00:00
100,Поставщик 2,2019-06-29 08:00:00,2019-06-29 20:00:00
101,Поставщик 2,2019-07-01 08:00:00,2019-07-02 08:00:00
102,Поставщик 2,2019-07-04 20:00:00,2019-07-05 08:00:00
103,Поставщик 2,2019-07-06 20:00:00,2019-07-07 08:00:00
104,Поставщик 2,2019-07-08 08:00:00,2019-07-08 20:00:00
105,Поставщик 2,2019-07-09 08:00:00,2019-07-09 20:00:00
106,Поставщик 2,2019-07-11 08:00:00,2019-07-12 08:00:00
107,Поставщик 2,2019-07-14 20:00:00,2019-07-15 08:00:00
108,Поставщик 2,2019-07-16 20:00:00,2019-07-17 08:00:00
109,Поставщик 2,2019-07-18 08:00:00,2019-07-18 20:00:00
110,Поставщик 2,2019-07-19 08:00:00,2019-07-19 20:00:00
111,Поставщик 2,2019-07-21 08:00:00,2019-07-22 08:00:00
112,Поставщик 2,2019-07-24 20:00:00,2019-07-25 08:00:00
113,Поставщик 2,2019-07-26 20:00:00,2019-07-27 08:00:00
114,Поставщик 2,2019-07-28 08:00:00,2019-07-28 20:00:00
115,Поставщик 2,2019-07-29 08:00:00,2019-07-29 20:00:00
116,Поставщик 2,2019-07-31 08:00:00,2019-08-01 08:00:00
117,Поставщик 2,2019-08-03 20:00:00,2019-08-04 08:00:00
118,Поставщик 2,2019-08-05 20:00:00,2019-08-06 08:00:00
119,Поставщик 2,2019-08-07 08:00:00,2019-08-07 20:00:00
120,Поставщик 2,2019-08-08 08:00:00,2019-08-08 20:00:00
121,Поставщик 2,2019-08-10 08:00:00,2019-08-11 08:00:00
122,Поставщик 2,2019-08-13 20:00:00,2019-08-14 08:00:00
123,Поставщик 2,2019-08-15 20:00:00,2019-08-16 08:00:00
124,Поставщик 2,2019-08-17 08:00:00,2019-08-17 20:00:00
125,Поставщик 2,2019-08-18 08:00:00,2019-08-18 20:00:00
126,Поставщик 2,2019-08-20 08:00:00,2019-08-21 08:00:00
127,Поставщик 2,2019-08-23 20:00:00,2019-08-24 08:00:00
128,Поставщик 2,2019-08-25 20:00:00,2019-08-26 08:00:00
129,Поставщик 2,2019-08-27 08:00:00,2019-08-27 20:00:00
130,Поставщик 2,2019-08-28 08:00:00,2019-08-28 20:00:00
131,Поставщик 2,2019-08-30 08:00:00,2019-08-31 08:00:00
132,Поставщик 2,2019-09-02 20:00:00,2019-09-03 08:00:00
133,Поставщик 2,2019-09-04 20:00:00,2019-09-05 08:00:00
134,Поставщик 2,2019-09-06 08:00:00,2019-09-06 20:00:00
135,Поставщик 2,2019-09-07 08:00:00,2019-09-07 20:00:00
136,Поставщик 2,2019-09-09 08:00:00,2019-09-10 08:00:00
137,Поставщик 2,2019-09-12 20:00:00,2019-09-13 08:00:00
138,Поставщик 2,2019-09-14 20:00:00,2019-09-15 08:00:00
139,Поставщик 2,2019-09-16 08:00:00,2019-09-16 20:00:00
140,Поставщик 2,2019-09-17 08:00:00,2019-09-17 20:00:00
141,Поставщик 2,2019-09-19 08:00:00,2019-09-20 08:00:00
142,Поставщик 2,2019-09-22 20:00:00,2019-09-23 08:00:00
143,Поставщик 2,2019-09-24 20:00:00,2019-09-25 08:00:00
144,Поставщик 2,2019-09-26 08:00:00,2019-09-26 20:00:00
145,Поставщик 2,2019-09-27 08:00:00,2019-09-27 20:00:00
146,Поставщик 2,2019-09-29 08:00:00,2019-09-30 08:00:00
147,Поставщик 2,2019-10-02 20:00:00,2019-10-03 08:00:00
148,Поставщик 2,2019-10-04 20:00:00,2019-10-05 08:00:00
149,Поставщик 2,2019-10-06 08:00:00,2019-10-06 20:00:00
150,Поставщик 2,2019-10-07 08:00:00,2019-10-07 20:00:00
151,Поставщик 2,2019-10-09 08:00:00,2019-10-10 08:00:00
152,Поставщик 2,2019-10-12 20:00:00,2019-10-13 08:00:00
153,Поставщик 2,2019-10-14 20:00:00,2019-10-15 08:00:00
154,Поставщик 2,2019-10-16 08:00:00,2019-10-16 20:00:00
155,Поставщик 2,2019-10-17 08:00:00,2019-10-17 20:00:00
156,Поставщик 2,2019-10-19 08:00:00,2019-10-20 08:00:00
157,Поставщик 2,2019-10-22 20:00:00,2019-10-23 08:00:00
158,Поставщик 2,2019-10-24 20:00:00,2019-10-25 08:00:00
159,Поставщик 2,2019-10-26 08:00:00,2019-10-26 20:00:00
160,Поставщик 2,2019-10-27 08:00:00,2019-10-27 20:00:00
161,Поставщик 2,2019-10-29 08:00:00,2019-10-30 08:00:00
162,Поставщик 2,2019-11-01 20:00:00,2019-11-02 08:00:00
163,Поставщик 2,2019-11-03 20:00:00,2019-11-04 08:00:00
164,Поставщик 2,2019-11-05 08:00:00,2019-11-05 20:00:00
165,Поставщик 2,2019-11-06 08:00:00,2019-11-06 20:00:00
166,Поставщик 2,2019-11-08 08:00:00,2019-11-09 08:00:00
167,Поставщик 2,2019-11-11 20:00:00,2019-11-12 08:00:00
168,Поставщик 2,2019-11-13 20:00:00,2019-11-14 08:00:00
169,Поставщик 2,2019-11-15 08:00:00,2019-11-15 20:00:00
170,Поставщик 2,2019-11-16 08:00:00,2019-11-16 20:00:00
171,Поставщик 2,2019-11-18 08:00:00,2019-11-19 08:00:00
172,Поставщик 2,2019-11-21 20:00:00,2019-11-22 08:00:00
173,Поставщик 2,2019-11-23 20:00:00,2019-11-24 08:00:00
174,Поставщик 2,2019-11-25 08:00:00,2019-11-25 20:00:00
175,Поставщик 2,2019-11-26 08:00:00,2019-11-26 20:00:00
176,Поставщик 2,2019-11-28 08:00:00,2019-11-29 08:00:00
177,Поставщик 2,2019-12-01 20:00:00,2019-12-02 08:00:00
178,Поставщик 2,2019-12-03 20:00:00,2019-12-04 08:00:00
179,Поставщик 2,2019-12-05 08:00:00,2019-12-05 20:00:00
180,Поставщик 2,2019-12-06 08:00:00,2019-12-06 20:00:00
181,Поставщик 2,2019-12-08 08:00:00,2019-12-09 08:00:00
182,Поставщик 2,2019-12-11 20:00:00,2019-12-12 08:00:00
183,Поставщик 2,2019-12-13 20:00:00,2019-12-14 08:00:00
184,Поставщик 2,2019-12-15 08:00:00,2019-12-15 20:00:00
185,Поставщик 2,2019-12-16 08:00:00,2019-12-16 20:00:00
186,Поставщик 2,2019-12-18 08:00:00,2019-12-19 08:00:00
187,Поставщик 2,2019-12-21 20:00:00,2019-12-22 08:00:00
188,Поставщик 2,2019-12-23 20:00:00,2019-12-24 08:00:00
189,Поставщик 2,2019-12-25 08:00:00,2019-12-25 20:00:00
190,Поставщик 2,2019-12-26 08:00:00,2019-12-26 20:00:00
191,Поставщик 2,2019-12-28 08:00:00,2019-12-29 08:00:00
192,Поставщик 2,2019-12-31 20:00:00,2020-01-01 08:00:00
193,Поставщик 2,2020-01-02 20:00:00,2020-01-03 08:00:00
194,Поставщик 2,2020-01-04 08:00:00,2020-01-04 20:00:00
195,Поставщик 2,2020-01-05 08:00:00,2020-01-05 20:00:00
196,Поставщик 2,2020-01-07 08:00:00,2020-01-08 08:00:00
197,Поставщик 2,2020-01-10 20:00:00,2020-01-11 08:00:00
198,Поставщик 2,2020-01-12 20:00:00,2020-01-13 08:00:00
199,Поставщик 2,2020-01-14 08:00:00,2020-01-14 20:00:00
200,Поставщик 2,2020-01-15 08:00:00,2020-01-15 20:00:00
201,Поставщик 2,2020-01-17 08:00:00,2020-01-18 08:00:00
202,Поставщик 2,2020-01-20 20:00:00,2020-01-21 08:00:00
203,Поставщик 2,2020-01-22 20:00:00,2020-01-23 08:00:00
204,Поставщик 2,2020-01-24 08:00:00,2020-01-24 20:00:00
205,Поставщик 2,2020-01-25 08:00:00,2020-01-25 20:00:00
206,Поставщик 2,2020-01-27 08:00:00,2020-01-28 08:00:00
207,Поставщик 2,2020-01-30 20:00:00,2020-01-31 08:00:00
208,Поставщик 2,2020-02-01 20:00:00,2020-02-02 08:00:00
209,Поставщик 2,2020-02-03 08:00:00,2020-02-03 20:00:00
210,Поставщик 2,2020-02-04 08:00:00,2020-02-04 20:00:00
211,Поставщик 2,2020-02-06 08:00:00,2020-02-07 08:00:00
212,Поставщик 2,2020-02-09 20:00:00,2020-02-10 08:00:00
213,Поставщик 2,2020-02-11 20:00:00,2020-02-12 08:00:00
214,Поставщик 2,2020-02-13 08:00:00,2020-02-13 20:00:00
215,Поставщик 2,2020-02-14 08:00:00,2020-02-14 20:00:00
216,Поставщик 2,2020-02-16 08:00:00,2020-02-17 08:00:00
217,Поставщик 2,2020-02-19 20:00:00,2020-02-20 08:00:00
218,Поставщик 2,2020-02-21 20:00:00,2020-02-22 08:00:00
219,Поставщик 2,2020-02-23 08:00:00,2020-02-23 20:00:00
220,Поставщик 2,2020-02-24 08:00:00,2020-02-24 20:00:00
221,Поставщик 2,2020-02-26 08:00:00,2020-02-27 08:00:00
222,Поставщик 2,2020-02-29 20:00:00,2020-03-01 08:00:00
223,Поставщик 2,2020-03-02 20:00:00,2020-03-03 08:00:00
224,Поставщик 2,2020-03-04 08:00:00,2020-03-04 20:00:00
225,Поставщик 2,2020-03-05 08:00:00,2020-03-05 20:00:00
226,Поставщик 2,2020-03-07 08:00:00,2020-03-08 08:00:00
227,Поставщик 2,2020-03-10 20:00:00,2020-03-11 08:00:00
228,Поставщик 2,2020-03-12 20:00:00,2020-03-13 08:00:00
229,Поставщик 2,2020-03-14 08:00:00,2020-03-14 20:00:00
230,Поставщик 2,2020-03-15 08:00:00,2020-03-15 20:00:00
231,Поставщик 2,2020-03-17 08:00:00,2020-03-18 08:00:00
232,Поставщик 2,2020-03-20 20:00:00,2020-03-21 08:00:00
233,Поставщик 2,2020-03-22 20:00:00,2020-03-23 08:00:00
234,Поставщик 2,2020-03-24 08:00:00,2020-03-24 20:00:00
235,Поставщик 2,2020-03-25 08:00:00,2020-03-25 20:00:00
236,Поставщик 2,2020-03-27 08:00:00,2020-03-28 08:00:00
237,Поставщик 2,2020-03-30 20:00:00,2020-03-31 08:00:00
238,Поставщик 2,2020-04-01 20:00:00,2020-04-02 08:00:00
239,Поставщик 2,2020-04-03 08:00:00,2020-04-03 20:00:00
240,Поставщик 2,2020-04-04 08:00:00,2020-04-04 20:00:00
241,Поставщик 2,2020-04-06 08:00:00,2020-04-07 08:00:00
242,Поставщик 2,2020-04-09 20:00:00,2020-04-10 08:00:00
243,Поставщик 2,2020-04-11 20:00:00,2020-04-12 08:00:00
244,Поставщик 2,2020-04-13 08:00:00,2020-04-13 20:00:00
245,Поставщик 2,2020-04-14 08:00:00,2020-04-14 20:00:00
246,Поставщик 2,2020-04-16 08:00:00,2020-04-17 08:00:00
247,Поставщик 2,2020-04-19 20:00:00,2020-04-20 08:00:00
248,Поставщик 2,2020-04-21 20:00:00,2020-04-22 08:00:00
249,Поставщик 2,2020-04-23 08:00:00,2020-04-23 20:00:00
250,Поставщик 2,2020-04-24 08:00:00,2020-04-24 20:00:00
251,Поставщик 2,2020-04-26 08:00:00,2020-04-27 08:00:00
252,Поставщик 2,2020-04-29 20:00:00,2020-04-30 08:00:00
253,Поставщик 2,2020-05-01 20:00:00,2020-05-02 08:00:00
254,Поставщик 2,2020-05-03 08:00:00,2020-05-03 20:00:00
255,Поставщик 2,2020-05-04 08:00:00,2020-05-04 20:00:00
256,Поставщик 2,2020-05-06 08:00:00,2020-05-07 08:00:00
257,Поставщик 2,2020-05-09 20:00:00,2020-05-10 08:00:00
258,Поставщик 2,2020-05-11 20:00:00,2020-05-12 08:00:00
259,Поставщик 2,2020-05-13 08:00:00,2020-05-13 20:00:00
260,Поставщик 2,2020-05-14 08:00:00,2020-05-14 20:00:00
261,Поставщик 2,2020-05-16 08:00:00,2020-05-17 08:00:00
262,Поставщик 2,2020-05-19 20:00:00,2020-05-20 08:00:00
263,Поставщик 2,2020-05-21 20:00:00,2020-05-22 08:00:00
264,Поставщик 2,2020-05-23 08:00:00,2020-05-23 20:00:00
265,Поставщик 2,2020-05-24 08:00:00,2020-05-24 20:00:00
266,Поставщик 2,2020-05-26 08:00:00,2020-05-27 08:00:00
267,Поставщик 2,2020-05-29 20:00:00,2020-05-30 08:00:00
268,Поставщик 2,2020-05-31 20:00:00,2020-06-01 08:00:00
269,Поставщик 2,2020-06-02 08:00:00,2020-06-02 20:00:00
270,Поставщик 2,2020-06-03 08:00:00,2020-06-03 20:00:00
271,Поставщик 2,2020-06-05 08:00:00,2020-06-06 08:00:00
272,Поставщик 2,2020-06-08 20:00:00,2020-06-09 08:00:00
273,Поставщик 2,2020-06-10 20:00:00,2020-06-11 08:00:00
274,Поставщик 2,2020-06-12 08:00:00,2020-06-12 20:00:00
275,Поставщик 2,2020-06-13 08:00:00,2020-06-13 20:00:00
276,Поставщик 2,2020-06-15 08:00:00,2020-06-16 08:00:00
277,Поставщик 2,2020-06-18 20:00:00,2020-06-19 08:00:00
278,Поставщик 2,2020-06-20 20:00:00,2020-06-21 08:00:00
279,Поставщик 2,2020-06-22 08:00:00,2020-06-22 20:00:00
280,Поставщик 2,2020-06-23 08:00:00,2020-06-23 20:00:00
281,Поставщик 2,2020-06-25 08:00:00,2020-06-26 08:00:00
282,Поставщик 2,2020-06-28 20:00:00,2020-06-29 08:00:00
283,Поставщик 2,2020-06-30 20:00:00,2020-07-01 08:00:00
284,Поставщик 2,2020-07-02 08:00:00,2020-07-02 20:00:00
285,Поставщик 2,2020-07-03 08:00:00,2020-07-03 20:00:00
286,Поставщик 2,2020-07-05 08:00:00,2020-07-06 08:00:00
287,Поставщик 2,2020-07-08 20:00:00,2020-07-09 08:00:00
288,Поставщик 2,2020-07-10 20:00:00,2020-07-11 08:00:00
289,Поставщик 2,2020-07-12 08:00:00,2020-07-12 20:00:00
290,Поставщик 2,2020-07-13 08:00:00,2020-07-13 20:00:00
291,Поставщик 2,2020-07-15 08:00:00,2020-07-16 08:00:00
292,Поставщик 2,2020-07-18 20:00:00,2020-07-19 08:00:00
293,Поставщик 2,2020-07-20 20:00:00,2020-07-21 08:00:00
294,Поставщик 2,2020-07-22 08:00:00,2020-07-22 20:00:00
295,Поставщик 2,2020-07-23 08:00:00,2020-07-23 20:00:00
296,Поставщик 2,2020-07-25 08:00:00,2020-07-26 08:00:00
297,Поставщик 2,2020-07-28 20:00:00,2020-07-29 08:00:00
298,Поставщик 2,2020-07-30 20:00:00,2020-07-31 08:00:00
299,Поставщик 2,2020-08-01 08:00:00,2020-08-01 20:00:00
300,Поставщик 2,2020-08-02 08:00:00,2020-08-02 20:00:00
301,Поставщик 2,2020-08-04 08:00:00,2020-08-05 08:00:00
302,Поставщик 2,2020-08-07 20:00:00,2020-08-08 08:00:00
303,Поставщик 2,2020-08-09 20:00:00,2020-08-10 08:00:00
304,Поставщик 2,2020-08-11 08:00:00,2020-08-11 20:00:00
305,Поставщик 2,2020-08-12 08:00:00,2020-08-12 20:00:00
306,Поставщик 2,2020-08-14 08:00:00,2020-08-15 08:00:00
307,Поставщик 2,2020-08-17 20:00:00,2020-08-18 08:00:00
308,Поставщик 2,2020-08-19 20:00:00,2020-08-20 08:00:00
309,Поставщик 2,2020-08-21 08:00:00,2020-08-21 20:00:00
310,Поставщик 2,2020-08-22 08:00:00,2020-08-22 20:00:00
311,Поставщик 2,2020-08-24 08:00:00,2020-08-25 08:00:00
312,Поставщик 2,2020-08-27 20:00:00,2020-08-28 08:00:00
313,Поставщик 2,2020-08-29 20:00:00,2020-08-30 08:00:00
314,Поставщик 2,2020-08-31 08:00:00,2020-08-31 20:00:00
315,Поставщик 2,2020-09-01 08:00:00,2020-09-01 20:00:00
316,Поставщик 2,2020-09-03 08:00:00,2020-09-04 08:00:00
317,Поставщик 2,2020-09-06 20:00:00,2020-09-07 08:00:00
318,Поставщик 2,2020-09-08 20:00:00,2020-09-09 08:00:00
319,Поставщик 2,2020-09-10 08:00:00,2020-09-10 20:00:00
320,Поставщик 2,2020-09-11 08:00:00,2020-09-11 20:00:00
321,Поставщик 2,2020-09-13 08:00:00,2020-09-14 08:00:00
322,Поставщик 2,2020-09-16 20:00:00,2020-09-17 08:00:00
323,Поставщик 2,2020-09-18 20:00:00,2020-09-19 08:00:00
324,Поставщик 2,2020-09-20 08:00:00,2020-09-20 20:00:00
325,Поставщик 2,2020-09-21 08:00:00,2020-09-21 20:00:00
326,Поставщик 2,2020-09-23 08:00:00,2020-09-24 08:00:00
327,Поставщик 2,2020-09-26 20:00:00,2020-09-27 08:00:00
328,Поставщик 2,2020-09-28 20:00:00,2020-09-29 08:00:00
329,Поставщик 2,2020-09-30 08:00:00,2020-09-30 20:00:00
330,Поставщик 2,2020-10-01 08:00:00,2020-10-01 20:00:00
331,Поставщик 2,2020-10-03 08:00:00,2020-10-04 08:00:00
332,Поставщик 2,2020-10-06 20:00:00,2020-10-07 08:00:00
333,Поставщик 2,2020-10-08 20:00:00,2020-10-09 08:00:00
334,Поставщик 2,2020-10-10 08:00:00,2020-10-10 20:00:00
335,Поставщик 2,2020-10-11 08:00:00,2020-10-11 20:00:00
336,Поставщик 2,2020-10-13 08:00:00,2020-10-14 08:00:00
337,Поставщик 2,2020-10-16 20:00:00,2020-10-17 08:00:00
338,Поставщик 2,2020-10-18 20:00:00,2020-10-19 08:00:00
339,Поставщик 2,2020-10-20 08:00:00,2020-10-20 20:00:00
340,Поставщик 2,2020-10-21 08:00:00,2020-10-21 20:00:00
341,Поставщик 2,2020-10-23 08:00:00,2020-10-24 08:00:00
342,Поставщик 2,2020-10-26 20:00:00,2020-10-27 08:00:00
343,Поставщик 2,2020-10-28 20:00:00,2020-10-29 08:00:00
344,Поставщик 2,2020-10-30 08:00:00,2020-10-30 20:00:00
345,Поставщик 2,2020-10-31 08:00:00,2020-10-31 20:00:00
346,Поставщик 2,2020-11-02 08:00:00,2020-11-03 08:00:00
347,Поставщик 2,2020-11-05 20:00:00,2020-11-06 08:00:00
348,Поставщик 2,2020-11-07 20:00:00,2020-11-08 08:00:00
349,Поставщик 2,2020-11-09 08:00:00,2020-11-09 20:00:00
350,Поставщик 2,2020-11-10 08:00:00,2020-11-10 20:00:00
351,Поставщик 2,2020-11-12 08:00:00,2020-11-13 08:00:00
352,Поставщик 2,2020-11-15 20:00:00,2020-11-16 08:00:00
353,Поставщик 2,2020-11-17 20:00:00,2020-11-18 08:00:00
354,Поставщик 2,2020-11-19 08:00:00,2020-11-19 20:00:00
355,Поставщик 2,2020-11-20 08:00:00,2020-11-20 20:00:00
356,Поставщик 2,2020-11-22 08:00:00,2020-11-23 08:00:00
357,Поставщик 2,2020-11-25 20:00:00,2020-11-26 08:00:00
358,Поставщик 2,2020-11-27 20:00:00,2020-11-28 08:00:00
359,Поставщик 2,2020-11-29 08:00:00,2020-11-29 20:00:00
360,Поставщик 2,2020-11-30 08:00:00,2020-11-30 20:00:00
361,Поставщик 2,2020-12-02 08:00:00,2020-12-03 08:00:00
362,Поставщик 2,2020-12-05 20:00:00,2020-12-06 08:00:00
363,Поставщик 2,2020-12-07 20:00:00,2020-12-08 08:00:00
364,Поставщик 2,2020-12-09 08:00:00,2020-12-09 20:00:00
365,Поставщик 2,2020-12-10 08:00:00,2020-12-10 20:00:00
366,Поставщик 2,2020-12-12 08:00:00,2020-12-13 08:00:00
367,Поставщик 2,2020-12-15 20:00:00,2020-12-16 08:00:00
368,Поставщик 2,2020-12-17 20:00:00,2020-12-18 08:00:00
369,Поставщик 2,2020-12-19 08:00:00,2020-12-19 20:00:00
370,Поставщик 2,2020-12-20 08:00:00,2020-12-20 20:00:00
371,Поставщик 2,2020-12-22 08:00:00,2020-12-23 08:00:00
372,Поставщик 2,2020-12-25 20:00:00,2020-12-26 08:00:00
373,Поставщик 2,2020-12-27 20:00:00,2020-12-28 08:00:00
374,Поставщик 2,2020-12-29 08:00:00,2020-12-29 20:00:00
375,Поставщик 2,2020-12-30 08:00:00,2020-12-30 20:00:00
376,Поставщик 2,2021-01-01 08:00:00,2021-01-02 08:00:00
377,Поставщик 2,2021-01-04 20:00:00,2021-01-05 08:00:00
378,Поставщик 2,2021-01-06 20:00:00,2021-01-07 08:00:00
379,Поставщик 2,2021-01-08 08:00:00,2021-01-08 20:00:00
380,Поставщик 2,2021-01-09 08:00:00,2021-01-09 20:00:00
381,Поставщик 2,2021-01-11 08:00:00,2021-01-12 08:00:00
382,Поставщик 2,2021-01-14 20:00:00,2021-01-15 08:00:00
383,Поставщик 2,2021-01-16 20:00:00,2021-01-17 08:00:00
384,Поставщик 2,2021-01-18 08:00:00,2021-01-18 20:00:00
385,Поставщик 2,2021-01-19 08:00:00,2021-01-19 20:00:00
386,Поставщик 2,2021-01-21 08:00:00,2021-01-22 08:00:00
387,Поставщик 2,2021-01-24 20:00:00,2021-01-25 08:00:00
388,Поставщик 2,2021-01-26 20:00:00,2021-01-27 08:00:00
389,Поставщик 2,2021-01-28 08:00:00,2021-01-28 20:00:00
390,Поставщик 2,2021-01-29 08:00:00,2021-01-29 20:00:00
391,Поставщик 2,2021-01-31 08:00:00,2021-02-01 08:00:00
392,Поставщик 2,2021-02-03 20:00:00,2021-02-04 08:00:00
393,Поставщик 2,2021-02-05 20:00:00,2021-02-06 08:00:00
394,Поставщик 2,2021-02-07 08:00:00,2021-02-07 20:00:00
395,Поставщик 2,2021-02-08 08:00:00,2021-02-08 20:00:00
396,Поставщик 2,2021-02-10 08:00:00,2021-02-11 08:00:00
397,Поставщик 2,2021-02-13 20:00:00,2021-02-14 08:00:00
398,Поставщик 2,2021-02-15 20:00:00,2021-02-16 08:00:00
399,Поставщик 2,2021-02-17 08:00:00,2021-02-17 20:00:00
400,Поставщик 2,2021-02-18 08:00:00,2021-02-18 20:00:00
401,Поставщик 2,2021-02-20 08:00:00,2021-02-21 08:00:00
402,Поставщик 2,2021-02-23 20:00:00,2021-02-24 08:00:00
403,Поставщик 2,2021-02-25 20:00:00,2021-02-26 08:00:00
404,Поставщик 2,2021-02-27 08:00:00,2021-02-27 20:00:00
405,Поставщик 2,2021-02-28 08:00:00,2021-02-28 20:00:00
406,Поставщик 2,2021-03-02 08:00:00,2021-03-03 08:00:00
407,Поставщик 2,2021-03-05 20:00:00,2021-03-06 08:00:00
408,Поставщик 2,2021-03-07 20:00:00,2021-03-08 08:00:00
409,Поставщик 2,2021-03-09 08:00:00,2021-03-09 20:00:00
410,Поставщик 2,2021-03-10 08:00:00,2021-03-10 20:00:00
411,Поставщик 2,2021-03-12 08:00:00,2021-03-13 08:00:00
412,Поставщик 2,2021-03-15 20:00:00,2021-03-16 08:00:00
413,Поставщик 2,2021-03-17 20:00:00,2021-03-18 08:00:00
414,Поставщик 2,2021-03-19 08:00:00,2021-03-19 20:00:00
415,Поставщик 2,2021-03-20 08:00:00,2021-03-20 20:00:00
416,Поставщик 2,2021-03-22 08:00:00,2021-03-23 08:00:00
417,Поставщик 2,2021-03-25 20:00:00,2021-03-26 08:00:00
418,Поставщик 2,2021-03-27 20:00:00,2021-03-28 08:00:00
419,Поставщик 2,2021-03-29 08:00:00,2021-03-29 20:00:00
420,Поставщик 2,2021-03-30 08:00:00,2021-03-30 20:00:00
421,Поставщик 2,2021-04-01 08:00:00,2021-04-02 08:00:00
422,Поставщик 2,2021-04-04 20:00:00,2021-04-05 08:00:00
423,Поставщик 2,2021-04-06 20:00:00,2021-04-07 08:00:00
424,Поставщик 2,2021-04-08 08:00:00,2021-04-08 20:00:00
425,Поставщик 2,2021-04-09 08:00:00,2021-04-09 20:00:00
426,Поставщик 2,2021-04-11 08:00:00,2021-04-12 08:00:00
427,Поставщик 2,2021-04-14 20:00:00,2021-04-15 08:00:00
428,Поставщик 2,2021-04-16 20:00:00,2021-04-17 08:00:00
429,Поставщик 2,2021-04-18 08:00:00,2021-04-18 20:00:00
430,Поставщик 2,2021-04-19 08:00:00,2021-04-19 20:00:00
431,Поставщик 2,2021-04-21 08:00:00,2021-04-22 08:00:00
432,Поставщик 2,2021-04-24 20:00:00,2021-04-25 08:00:00
433,Поставщик 2,2021-04-26 20:00:00,2021-04-27 08:00:00
434,Поставщик 2,2021-04-28 08:00:00,2021-04-28 20:00:00
435,Поставщик 2,2021-04-29 08:00:00,2021-04-29 20:00:00
436,Поставщик 2,2021-05-01 08:00:00,2021-05-02 08:00:00
437,Поставщик 2,2021-05-04 20:00:00,2021-05-05 08:00:00
438,Поставщик 2,2021-05-06 20:00:00,2021-05-07 08:00:00
439,Поставщик 2,2021-05-08 08:00:00,2021-05-08 20:00:00
440,Поставщик 2,2021-05-09 08:00:00,2021-05-09 20:00:00
441,Поставщик 2,2021-05-11 08:00:00,2021-05-12 08:00:00
442,Поставщик 2,2021-05-14 20:00:00,2021-05-15 08:00:00
443,Поставщик 2,2021-05-16 20:00:00,2021-05-17 08:00:00
444,Поставщик 2,2021-05-18 08:00:00,2021-05-18 20:00:00
445,Поставщик 2,2021-05-19 08:00:00,2021-05-19 20:00:00
446,Поставщик 2,2021-05-21 08:00:00,2021-05-22 08:00:00
447,Поставщик 2,2021-05-24 20:00:00,2021-05-25 08:00:00
448,Поставщик 2,2021-05-26 20:00:00,2021-05-27 08:00:00
449,Поставщик 2,2021-05-28 08:00:00,2021-05-28 20:00:00
450,Поставщик 2,2021-05-29 08:00:00,2021-05-29 20:00:00
451,Поставщик 2,2021-05-31 08:00:00,2021-06-01 08:00:00
452,Поставщик 2,2021-06-03 20:00:00,2021-06-04 08:00:00
453,Поставщик 2,2021-06-05 20:00:00,2021-06-06 08:00:00
454,Поставщик 2,2021-06-07 08:00:00,2021-06-07 20:00:00
455,Поставщик 2,2021-06-08 08:00:00,2021-06-08 20:00:00
456,Поставщик 2,2021-06-10 08:00:00,2021-06-11 08:00:00
457,Поставщик 2,2021-06-13 20:00:00,2021-06-14 08:00:00
458,Поставщик 2,2021-06-15 20:00:00,2021-06-16 08:00:00
459,Поставщик 2,2021-06-17 08:00:00,2021-06-17 20:00:00
460,Поставщик 2,2021-06-18 08:00:00,2021-06-18 20:00:00
461,Поставщик 2,2021-06-20 08:00:00,2021-06-21 08:00:00
462,Поставщик 2,2021-06-23 20:00:00,2021-06-24 08:00:00
463,Поставщик 2,2021-06-25 20:00:00,2021-06-26 08:00:00
464,Поставщик 2,2021-06-27 08:00:00,2021-06-27 20:00:00
465,Поставщик 2,2021-06-28 08:00:00,2021-06-28 20:00:00
466,Поставщик 2,2021-06-30 08:00:00,2021-07-01 08:00:00
467,Поставщик 2,2021-07-03 20:00:00,2021-07-04 08:00:00
468,Поставщик 2,2021-07-05 20:00:00,2021-07-06 08:00:00
469,Поставщик 2,2021-07-07 08:00:00,2021-07-07 20:00:00
470,Поставщик 2,2021-07-08 08:00:00,2021-07-08 20:00:00
471,Поставщик 2,2021-07-10 08:00:00,2021-07-11 08:00:00
472,Поставщик 2,2021-07-13 20:00:00,2021-07-14 08:00:00
473,Поставщик 2,2021-07-15 20:00:00,2021-07-16 08:00:00
474,Поставщик 2,2021-07-17 08:00:00,2021-07-17 20:00:00
475,Поставщик 2,2021-07-18 08:00:00,2021-07-18 20:00:00
476,Поставщик 2,2021-07-20 08:00:00,2021-07-21 08:00:00
477,Поставщик 2,2021-07-23 20:00:00,2021-07-24 08:00:00
478,Поставщик 2,2021-07-25 20:00:00,2021-07-26 08:00:00
479,Поставщик 2,2021-07-27 08:00:00,2021-07-27 20:00:00
480,Поставщик 2,2021-07-28 08:00:00,2021-07-28 20:00:00
481,Поставщик 2,2021-07-30 08:00:00,2021-07-31 08:00:00
482,Поставщик 2,2021-08-02 20:00:00,2021-08-03 08:00:00
483,Поставщик 2,2021-08-04 20:00:00,2021-08-05 08:00:00
484,Поставщик 2,2021-08-06 08:00:00,2021-08-06 20:00:00
485,Поставщик 2,2021-08-07 08:00:00,2021-08-07 20:00:00
486,Поставщик 2,2021-08-09 08:00:00,2021-08-10 08:00:00
487,Поставщик 2,2021-08-12 20:00:00,2021-08-13 08:00:00
488,Поставщик 2,2021-08-14 20:00:00,2021-08-15 08:00:00
489,Поставщик 2,2021-08-16 08:00:00,2021-08-16 20:00:00
490,Поставщик 2,2021-08-17 08:00:00,2021-08-17 20:00:00
491,Поставщик 3,2019-01-01 20:00:00,2019-01-02 08:00:00
492,Поставщик 3,2019-01-04 20:00:00,2019-01-05 08:00:00
493,Поставщик 3,2019-01-07 20:00:00,2019-01-08 08:00:00
494,Поставщик 3,2019-01-10 20:00:00,2019-01-11 08:00:00
495,Поставщик 3,2019-01-13 20:00:00,2019-01-14 08:00:00
496,Поставщик 3,2019-01-16 20:00:00,2019-01-17 08:00:00
497,Поставщик 3,2019-01-19 20:00:00,2019-01-20 08:00:00
498,Поставщик 3,2019-01-22 20:00:00,2019-01-23 08:00:00
499,Поставщик 3,2019-01-25 20:00:00,2019-01-26 08:00:00
500,Поставщик 3,2019-01-28 20:00:00,2019-01-29 08:00:00
501,Поставщик 3,2019-01-31 20:00:00,2019-02-01 08:00:00
502,Поставщик 3,2019-02-02 08:00:00,2019-02-02 20:00:00
503,Поставщик 3,2019-02-04 08:00:00,2019-02-04 20:00:00
504,Поставщик 3,2019-02-06 08:00:00,2019-02-06 20:00:00
505,Поставщик 3,2019-02-08 08:00:00,2019-02-08 20:00:00
506,Поставщик 3,2019-02-10 08:00:00,2019-02-10 20:00:00
507,Поставщик 3,2019-02-12 08:00:00,2019-02-12 20:00:00
508,Поставщик 3,2019-02-14 08:00:00,2019-02-14 20:00:00
509,Поставщик 3,2019-02-16 08:00:00,2019-02-16 20:00:00
510,Поставщик 3,2019-02-18 08:00:00,2019-02-18 20:00:00
511,Поставщик 3,2019-02-20 08:00:00,2019-02-20 20:00:00
512,Поставщик 3,2019-02-22 08:00:00,2019-02-22 20:00:00
513,Поставщик 3,2019-02-24 08:00:00,2019-02-24 20:00:00
514,Поставщик 3,2019-02-26 08:00:00,2019-02-26 20:00:00
515,Поставщик 3,2019-02-28 08:00:00,2019-02-28 20:00:00
516,Поставщик 3,2019-03-02 08:00:00,2019-03-02 20:00:00
517,Поставщик 3,2019-03-04 08:00:00,2019-03-04 20:00:00
518,Поставщик 3,2019-03-06 08:00:00,2019-03-06 20:00:00
519,Поставщик 3,2019-03-08 08:00:00,2019-03-08 20:00:00
520,Поставщик 3,2019-03-10 08:00:00,2019-03-10 20:00:00
521,Поставщик 3,2019-03-12 08:00:00,2019-03-12 20:00:00
522,Поставщик 3,2019-03-14 08:00:00,2019-03-14 20:00:00
523,Поставщик 3,2019-03-16 08:00:00,2019-03-16 20:00:00
524,Поставщик 3,2019-03-18 08:00:00,2019-03-18 20:00:00
525,Поставщик 3,2019-03-20 08:00:00,2019-03-20 20:00:00
526,Поставщик 3,2019-03-22 08:00:00,2019-03-22 20:00:00
527,Поставщик 3,2019-03-24 08:00:00,2019-03-24 20:00:00
528,Поставщик 3,2019-03-26 08:00:00,2019-03-26 20:00:00
529,Поставщик 3,2019-03-28 08:00:00,2019-03-28 20:00:00
530,Поставщик 3,2019-03-30 08:00:00,2019-03-30 20:00:00
531,Поставщик 3,2019-04-01 08:00:00,2019-04-01 20:00:00
532,Поставщик 3,2019-04-03 08:00:00,2019-04-03 20:00:00
533,Поставщик 3,2019-04-05 08:00:00,2019-04-05 20:00:00
534,Поставщик 3,2019-04-07 08:00:00,2019-04-07 20:00:00
535,Поставщик 3,2019-04-09 08:00:00,2019-04-09 20:00:00
536,Поставщик 3,2019-04-11 08:00:00,2019-04-11 20:00:00
537,Поставщик 3,2019-04-13 08:00:00,2019-04-13 20:00:00
538,Поставщик 3,2019-04-15 08:00:00,2019-04-15 20:00:00
539,Поставщик 3,2019-04-17 08:00:00,2019-04-17 20:00:00
540,Поставщик 3,2019-04-19 08:00:00,2019-04-19 20:00:00
541,Поставщик 3,2019-04-21 08:00:00,2019-04-21 20:00:00
542,Поставщик 3,2019-04-23 08:00:00,2019-04-23 20:00:00
543,Поставщик 3,2019-04-25 08:00:00,2019-04-25 20:00:00
544,Поставщик 3,2019-04-27 08:00:00,2019-04-27 20:00:00
545,Поставщик 3,2019-04-29 08:00:00,2019-04-29 20:00:00
546,Поставщик 3,2019-05-01 08:00:00,2019-05-01 20:00:00
547,Поставщик 3,2019-05-03 08:00:00,2019-05-03 20:00:00
548,Поставщик 3,2019-05-05 08:00:00,2019-05-05 20:00:00
549,Поставщик 3,2019-05-07 08:00:00,2019-05-07 20:00:00
550,Поставщик 3,2019-05-09 08:00:00,2019-05-09 20:00:00
551,Поставщик 3,2019-05-11 08:00:00,2019-05-11 20:00:00
552,Поставщик 3,2019-05-13 08:00:00,2019-05-13 20:00:00
553,Поставщик 3,2019-05-15 08:00:00,2019-05-15 20:00:00
554,Поставщик 3,2019-05-17 08:00:00,2019-05-17 20:00:00
555,Поставщик 3,2019-05-19 08:00:00,2019-05-19 20:00:00
556,Поставщик 3,2019-05-21 08:00:00,2019-05-21 20:00:00
557,Поставщик 3,2019-05-23 08:00:00,2019-05-23 20:00:00
558,Поставщик 3,2019-05-25 08:00:00,2019-05-25 20:00:00
559,Поставщик 3,2019-05-27 08:00:00,2019-05-27 20:00:00
560,Поставщик 3,2019-05-29 08:00:00,2019-05-29 20:00:00
561,Поставщик 3,2019-05-31 08:00:00,2019-05-31 20:00:00
562,Поставщик 3,2019-06-02 08:00:00,2019-06-02 20:00:00
563,Поставщик 3,2019-06-04 08:00:00,2019-06-04 20:00:00
564,Поставщик 3,2019-06-06 08:00:00,2019-06-06 20:00:00
565,Поставщик 3,2019-06-08 08:00:00,2019-06-08 20:00:00
566,Поставщик 3,2019-06-10 08:00:00,2019-06-10 20:00:00
567,Поставщик 3,2019-06-12 08:00:00,2019-06-12 20:00:00
568,Поставщик 3,2019-06-14 08:00:00,2019-06-14 20:00:00
569,Поставщик 3,2019-06-16 08:00:00,2019-06-16 20:00:00
570,Поставщик 3,2019-06-18 08:00:00,2019-06-18 20:00:00
571,Поставщик 3,2019-06-20 08:00:00,2019-06-20 20:00:00
572,Поставщик 3,2019-06-22 08:00:00,2019-06-22 20:00:00
573,Поставщик 3,2019-06-24 08:00:00,2019-06-24 20:00:00
574,Поставщик 3,2019-06-26 08:00:00,2019-06-26 20:00:00
575,Поставщик 3,2019-06-28 08:00:00,2019-06-28 20:00:00
576,Поставщик 3,2019-06-30 08:00:00,2019-06-30 20:00:00
577,Поставщик 3,2019-07-02 08:00:00,2019-07-02 20:00:00
578,Поставщик 3,2019-07-04 08:00:00,2019-07-04 20:00:00
579,Поставщик 3,2019-07-06 08:00:00,2019-07-06 20:00:00
580,Поставщик 3,2019-07-08 08:00:00,2019-07-08 20:00:00
581,Поставщик 3,2019-07-10 08:00:00,2019-07-10 20:00:00
582,Поставщик 3,2019-07-12 08:00:00,2019-07-12 20:00:00
583,Поставщик 3,2019-07-14 08:00:00,2019-07-14 20:00:00
584,Поставщик 3,2019-07-16 08:00:00,2019-07-16 20:00:00
585,Поставщик 3,2019-07-18 08:00:00,2019-07-18 20:00:00
586,Поставщик 3,2019-07-20 08:00:00,2019-07-20 20:00:00
587,Поставщик 3,2019-07-22 08:00:00,2019-07-22 20:00:00
588,Поставщик 3,2019-07-24 08:00:00,2019-07-24 20:00:00
589,Поставщик 3,2019-07-26 08:00:00,2019-07-26 20:00:00
590,Поставщик 3,2019-07-28 08:00:00,2019-07-28 20:00:00
591,Поставщик 3,2019-07-30 08:00:00,2019-07-30 20:00:00
592,Поставщик 3,2019-08-01 08:00:00,2019-08-01 20:00:00
593,Поставщик 3,2019-08-03 08:00:00,2019-08-03 20:00:00
594,Поставщик 3,2019-08-05 08:00:00,2019-08-05 20:00:00
595,Поставщик 3,2019-08-07 08:00:00,2019-08-07 20:00:00
596,Поставщик 3,2019-08-09 08:00:00,2019-08-09 20:00:00
597,Поставщик 3,2019-08-11 08:00:00,2019-08-11 20:00:00
598,Поставщик 3,2019-08-13 08:00:00,2019-08-13 20:00:00
599,Поставщик 3,2019-08-15 08:00:00,2019-08-15 20:00:00
600,Поставщик 3,2019-08-17 08:00:00,2019-08-17 20:00:00
601,Поставщик 3,2019-08-19 08:00:00,2019-08-19 20:00:00
602,Поставщик 3,2019-08-21 08:00:00,2019-08-21 20:00:00
603,Поставщик 3,2019-08-23 08:00:00,2019-08-23 20:00:00
604,Поставщик 3,2019-08-25 08:00:00,2019-08-25 20:00:00
605,Поставщик 3,2019-08-27 08:00:00,2019-08-27 20:00:00
606,Поставщик 3,2019-08-29 08:00:00,2019-08-29 20:00:00
607,Поставщик 3,2019-08-31 08:00:00,2019-08-31 20:00:00
608,Поставщик 3,2019-09-02 08:00:00,2019-09-02 20:00:00
609,Поставщик 3,2019-09-04 08:00:00,2019-09-04 20:00:00
610,Поставщик 3,2019-09-06 08:00:00,2019-09-06 20:00:00
611,Поставщик 3,2019-09-08 08:00:00,2019-09-08 20:00:00
612,Поставщик 3,2019-09-10 08:00:00,2019-09-10 20:00:00
613,Поставщик 3,2019-09-12 08:00:00,2019-09-12 20:00:00
614,Поставщик 3,2019-09-14 08:00:00,2019-09-14 20:00:00
615,Поставщик 3,2019-09-16 08:00:00,2019-09-16 20:00:00
616,Поставщик 3,2019-09-18 08:00:00,2019-09-18 20:00:00
617,Поставщик 3,2019-09-20 08:00:00,2019-09-20 20:00:00
618,Поставщик 3,2019-09-22 08:00:00,2019-09-22 20:00:00
619,Поставщик 3,2019-09-24 08:00:00,2019-09-24 20:00:00
620,Поставщик 3,2019-09-26 08:00:00,2019-09-26 20:00:00
621,Поставщик 3,2019-09-28 08:00:00,2019-09-28 20:00:00
622,Поставщик 3,2019-09-30 08:00:00,2019-09-30 20:00:00
623,Поставщик 3,2019-10-02 08:00:00,2019-10-02 20:00:00
624,Поставщик 3,2019-10-04 08:00:00,2019-10-04 20:00:00
625,Поставщик 3,2019-10-06 08:00:00,2019-10-06 20:00:00
626,Поставщик 3,2019-10-08 08:00:00,2019-10-08 20:00:00
627,Поставщик 3,2019-10-10 08:00:00,2019-10-10 20:00:00
628,Поставщик 3,2019-10-12 08:00:00,2019-10-12 20:00:00
629,Поставщик 3,2019-10-14 08:00:00,2019-10-14 20:00:00
630,Поставщик 3,2019-10-16 08:00:00,2019-10-16 20:00:00
631,Поставщик 3,2019-10-18 08:00:00,2019-10-18 20:00:00
632,Поставщик 3,2019-10-20 08:00:00,2019-10-20 20:00:00
633,Поставщик 3,2019-10-22 08:00:00,2019-10-22 20:00:00
634,Поставщик 3,2019-10-24 08:00:00,2019-10-24 20:00:00
635,Поставщик 3,2019-10-26 08:00:00,2019-10-26 20:00:00
636,Поставщик 3,2019-10-28 08:00:00,2019-10-28 20:00:00
637,Поставщик 3,2019-10-30 08:00:00,2019-10-30 20:00:00
638,Поставщик 3,2019-11-01 08:00:00,2019-11-01 20:00:00
639,Поставщик 3,2019-11-03 08:00:00,2019-11-03 20:00:00
640,Поставщик 3,2019-11-05 08:00:00,2019-11-05 20:00:00
641,Поставщик 3,2019-11-07 08:00:00,2019-11-07 20:00:00
642,Поставщик 3,2019-11-09 08:00:00,2019-11-09 20:00:00
643,Поставщик 3,2019-11-11 08:00:00,2019-11-11 20:00:00
644,Поставщик 3,2019-11-13 08:00:00,2019-11-13 20:00:00
645,Поставщик 3,2019-11-15 08:00:00,2019-11-15 20:00:00
646,Поставщик 3,2019-11-17 08:00:00,2019-11-17 20:00:00
647,Поставщик 3,2019-11-19 08:00:00,2019-11-19 20:00:00
648,Поставщик 3,2019-11-21 08:00:00,2019-11-21 20:00:00
649,Поставщик 3,2019-11-23 08:00:00,2019-11-23 20:00:00
650,Поставщик 3,2019-11-25 08:00:00,2019-11-25 20:00:00
651,Поставщик 3,2019-11-27 08:00:00,2019-11-27 20:00:00
652,Поставщик 3,2019-11-29 08:00:00,2019-11-29 20:00:00
653,Поставщик 3,2019-12-01 08:00:00,2019-12-01 20:00:00
654,Поставщик 3,2019-12-03 08:00:00,2019-12-03 20:00:00
655,Поставщик 3,2019-12-05 08:00:00,2019-12-05 20:00:00
656,Поставщик 3,2019-12-07 08:00:00,2019-12-07 20:00:00
657,Поставщик 3,2019-12-09 08:00:00,2019-12-09 20:00:00
658,Поставщик 3,2019-12-11 08:00:00,2019-12-11 20:00:00
659,Поставщик 3,2019-12-13 08:00:00,2019-12-13 20:00:00
660,Поставщик 3,2019-12-15 08:00:00,2019-12-15 20:00:00
661,Поставщик 3,2019-12-17 08:00:00,2019-12-17 20:00:00
662,Поставщик 3,2019-12-19 08:00:00,2019-12-19 20:00:00
663,Поставщик 3,2019-12-21 08:00:00,2019-12-21 20:00:00
664,Поставщик 3,2019-12-23 08:00:00,2019-12-23 20:00:00
665,Поставщик 3,2019-12-25 08:00:00,2019-12-25 20:00:00
666,Поставщик 3,2019-12-27 08:00:00,2019-12-27 20:00:00
667,Поставщик 3,2019-12-29 08:00:00,2019-12-29 20:00:00
668,Поставщик 3,2019-12-31 08:00:00,2019-12-31 20:00:00
669,Поставщик 3,2020-01-02 08:00:00,2020-01-02 20:00:00
670,Поставщик 3,2020-01-04 08:00:00,2020-01-04 20:00:00
671,Поставщик 3,2020-01-06 08:00:00,2020-01-06 20:00:00
672,Поставщик 3,2020-01-08 08:00:00,2020-01-08 20:00:00
673,Поставщик 3,2020-01-10 08:00:00,2020-01-10 20:00:00
674,Поставщик 3,2020-01-12 08:00:00,2020-01-12 20:00:00
675,Поставщик 3,2020-01-14 08:00:00,2020-01-14 20:00:00
676,Поставщик 3,2020-01-16 08:00:00,2020-01-16 20:00:00
677,Поставщик 3,2020-01-18 08:00:00,2020-01-18 20:00:00
678,Поставщик 3,2020-01-20 08:00:00,2020-01-20 20:00:00
679,Поставщик 3,2020-01-22 08:00:00,2020-01-22 20:00:00
680,Поставщик 3,2020-01-24 08:00:00,2020-01-24 20:00:00
681,Поставщик 3,2020-01-26 08:00:00,2020-01-26 20:00:00
682,Поставщик 3,2020-01-28 08:00:00,2020-01-28 20:00:00
683,Поставщик 3,2020-01-30 08:00:00,2020-01-30 20:00:00
684,Поставщик 3,2020-02-01 08:00:00,2020-02-01 20:00:00
685,Поставщик 3,2020-02-03 08:00:00,2020-02-03 20:00:00
686,Поставщик 3,2020-02-05 08:00:00,2020-02-05 20:00:00
687,Поставщик 3,2020-02-07 08:00:00,2020-02-07 20:00:00
688,Поставщик 3,2020-02-09 08:00:00,2020-02-09 20:00:00
689,Поставщик 3,2020-02-11 08:00:00,2020-02-11 20:00:00
690,Поставщик 3,2020-02-13 08:00:00,2020-02-13 20:00:00
691,Поставщик 3,2020-02-15 08:00:00,2020-02-15 20:00:00
692,Поставщик 3,2020-02-17 08:00:00,2020-02-17 20:00:00
693,Поставщик 3,2020-02-19 08:00:00,2020-02-19 20:00:00
694,Поставщик 3,2020-02-21 08:00:00,2020-02-21 20:00:00
695,Поставщик 3,2020-02-23 08:00:00,2020-02-23 20:00:00
696,Поставщик 3,2020-02-25 08:00:00,2020-02-25 20:00:00
697,Поставщик 3,2020-02-27 08:00:00,2020-02-27 20:00:00
698,Поставщик 3,2020-02-29 08:00:00,2020-02-29 20:00:00
699,Поставщик 3,2020-03-02 08:00:00,2020-03-02 20:00:00
700,Поставщик 3,2020-03-04 08:00:00,2020-03-04 20:00:00
701,Поставщик 3,2020-03-06 08:00:00,2020-03-06 20:00:00
702,Поставщик 3,2020-03-08 08:00:00,2020-03-08 20:00:00
703,Поставщик 3,2020-03-10 08:00:00,2020-03-10 20:00:00
704,Поставщик 3,2020-03-12 08:00:00,2020-03-12 20:00:00
705,Поставщик 3,2020-03-14 08:00:00,2020-03-14 20:00:00
706,Поставщик 3,2020-03-16 08:00:00,2020-03-16 20:00:00
707,Поставщик 3,2020-03-18 08:00:00,2020-03-18 20:00:00
708,Поставщик 3,2020-03-20 08:00:00,2020-03-20 20:00:00
709,Поставщик 3,2020-03-22 08:00:00,2020-03-22 20:00:00
710,Поставщик 3,2020-03-24 08:00:00,2020-03-24 20:00:00
711,Поставщик 3,2020-03-26 08:00:00,2020-03-26 20:00:00
712,Поставщик 3,2020-03-28 08:00:00,2020-03-28 20:00:00
713,Поставщик 3,2020-03-30 08:00:00,2020-03-30 20:00:00
714,Поставщик 3,2020-04-01 08:00:00,2020-04-01 20:00:00
715,Поставщик 3,2020-04-03 08:00:00,2020-04-03 20:00:00
716,Поставщик 3,2020-04-05 08:00:00,2020-04-05 20:00:00
717,Поставщик 3,2020-04-07 08:00:00,2020-04-07 20:00:00
718,Поставщик 3,2020-04-09 08:00:00,2020-04-09 20:00:00
719,Поставщик 3,2020-04-11 08:00:00,2020-04-11 20:00:00
720,Поставщик 3,2020-04-13 08:00:00,2020-04-13 20:00:00
721,Поставщик 3,2020-04-15 08:00:00,2020-04-15 20:00:00
722,Поставщик 3,2020-04-17 08:00:00,2020-04-17 20:00:00
723,Поставщик 3,2020-04-19 08:00:00,2020-04-19 20:00:00
724,Поставщик 3,2020-04-21 08:00:00,2020-04-21 20:00:00
725,Поставщик 3,2020-04-23 08:00:00,2020-04-23 20:00:00
726,Поставщик 3,2020-04-25 08:00:00,2020-04-25 20:00:00
727,Поставщик 3,2020-04-27 08:00:00,2020-04-27 20:00:00
728,Поставщик 3,2020-04-29 08:00:00,2020-04-29 20:00:00
729,Поставщик 3,2020-05-01 08:00:00,2020-05-01 20:00:00
730,Поставщик 3,2020-05-03 08:00:00,2020-05-03 20:00:00
731,Поставщик 3,2020-05-05 08:00:00,2020-05-05 20:00:00
732,Поставщик 3,2020-05-07 08:00:00,2020-05-07 20:00:00
733,Поставщик 3,2020-05-09 08:00:00,2020-05-09 20:00:00
734,Поставщик 3,2020-05-11 08:00:00,2020-05-11 20:00:00
735,Поставщик 3,2020-05-13 08:00:00,2020-05-13 20:00:00
736,Поставщик 3,2020-05-15 08:00:00,2020-05-15 20:00:00
737,Поставщик 3,2020-05-17 08:00:00,2020-05-17 20:00:00
738,Поставщик 3,2020-05-19 08:00:00,2020-05-19 20:00:00
739,Поставщик 3,2020-05-21 08:00:00,2020-05-21 20:00:00
740,Поставщик 3,2020-05-23 08:00:00,2020-05-23 20:00:00
741,Поставщик 3,2020-05-25 08:00:00,2020-05-25 20:00:00
742,Поставщик 3,2020-05-27 08:00:00,2020-05-27 20:00:00
743,Поставщик 3,2020-05-29 08:00:00,2020-05-29 20:00:00
744,Поставщик 3,2020-05-31 08:00:00,2020-05-31 20:00:00
745,Поставщик 3,2020-06-02 08:00:00,2020-06-02 20:00:00
746,Поставщик 3,2020-06-04 08:00:00,2020-06-04 20:00:00
747,Поставщик 3,2020-06-06 08:00:00,2020-06-06 20:00:00
748,Поставщик 3,2020-06-08 08:00:00,2020-06-08 20:00:00
749,Поставщик 3,2020-06-10 08:00:00,2020-06-10 20:00:00
750,Поставщик 3,2020-06-12 08:00:00,2020-06-12 20:00:00
751,Поставщик 3,2020-06-14 08:00:00,2020-06-14 20:00:00
752,Поставщик 3,2020-06-16 08:00:00,2020-06-16 20:00:00
753,Поставщик 3,2020-06-18 08:00:00,2020-06-18 20:00:00
754,Поставщик 3,2020-06-20 08:00:00,2020-06-20 20:00:00
755,Поставщик 3,2020-06-22 08:00:00,2020-06-22 20:00:00
756,Поставщик 3,2020-06-24 08:00:00,2020-06-24 20:00:00
757,Поставщик 3,2020-06-26 08:00:00,2020-06-26 20:00:00
758,Поставщик 3,2020-06-28 08:00:00,2020-06-28 20:00:00
759,Поставщик 3,2020-06-30 08:00:00,2020-06-30 20:00:00
760,Поставщик 3,2020-07-02 08:00:00,2020-07-02 20:00:00
761,Поставщик 3,2020-07-04 08:00:00,2020-07-04 20:00:00
762,Поставщик 3,2020-07-06 08:00:00,2020-07-06 20:00:00
763,Поставщик 3,2020-07-08 08:00:00,2020-07-08 20:00:00
764,Поставщик 3,2020-07-10 08:00:00,2020-07-10 20:00:00
765,Поставщик 3,2020-07-12 08:00:00,2020-07-12 20:00:00
766,Поставщик 3,2020-07-14 08:00:00,2020-07-14 20:00:00
767,Поставщик 3,2020-07-16 08:00:00,2020-07-16 20:00:00
768,Поставщик 3,2020-07-18 08:00:00,2020-07-18 20:00:00
769,Поставщик 3,2020-07-20 08:00:00,2020-07-20 20:00:00
770,Поставщик 3,2020-07-22 08:00:00,2020-07-22 20:00:00
771,Поставщик 3,2020-07-24 08:00:00,2020-07-24 20:00:00
772,Поставщик 3,2020-07-26 08:00:00,2020-07-26 20:00:00
773,Поставщик 3,2020-07-28 08:00:00,2020-07-28 20:00:00
774,Поставщик 3,2020-07-30 08:00:00,2020-07-30 20:00:00
775,Поставщик 3,2020-08-01 08:00:00,2020-08-01 20:00:00
776,Поставщик 3,2020-08-03 08:00:00,2020-08-03 20:00:00
777,Поставщик 3,2020-08-05 08:00:00,2020-08-05 20:00:00
778,Поставщик 3,2020-08-07 08:00:00,2020-08-07 20:00:00
779,Поставщик 3,2020-08-09 08:00:00,2020-08-09 20:00:00
780,Поставщик 3,2020-08-11 08:00:00,2020-08-11 20:00:00
781,Поставщик 3,2020-08-13 08:00:00,2020-08-13 20:00:00
782,Поставщик 3,2020-08-15 08:00:00,2020-08-15 20:00:00
783,Поставщик 3,2020-08-17 08:00:00,2020-08-17 20:00:00
784,Поставщик 3,2020-08-19 08:00:00,2020-08-19 20:00:00
785,Поставщик 3,2020-08-21 08:00:00,2020-08-21 20:00:00
786,Поставщик 3,2020-08-23 08:00:00,2020-08-23 20:00:00
787,Поставщик 3,2020-08-25 08:00:00,2020-08-25 20:00:00
788,Поставщик 3,2020-08-27 08:00:00,2020-08-27 20:00:00
789,Поставщик 3,2020-08-29 08:00:00,2020-08-29 20:00:00
790,Поставщик 3,2020-08-31 08:00:00,2020-08-31 20:00:00
791,Поставщик 3,2020-09-02 08:00:00,2020-09-02 20:00:00
792,Поставщик 3,2020-09-04 08:00:00,2020-09-04 20:00:00
793,Поставщик 3,2020-09-06 08:00:00,2020-09-06 20:00:00
794,Поставщик 3,2020-09-08 08:00:00,2020-09-08 20:00:00
795,Поставщик 3,2020-09-10 08:00:00,2020-09-10 20:00:00
796,Поставщик 3,2020-09-12 08:00:00,2020-09-12 20:00:00
797,Поставщик 3,2020-09-14 08:00:00,2020-09-14 20:00:00
798,Поставщик 3,2020-09-16 08:00:00,2020-09-16 20:00:00
799,Поставщик 3,2020-09-18 08:00:00,2020-09-18 20:00:00
800,Поставщик 3,2020-09-20 08:00:00,2020-09-20 20:00:00
801,Поставщик 3,2020-09-22 08:00:00,2020-09-22 20:00:00
802,Поставщик 3,2020-09-24 08:00:00,2020-09-24 20:00:00
803,Поставщик 3,2020-09-26 08:00:00,2020-09-26 20:00:00
804,Поставщик 3,2020-09-28 08:00:00,2020-09-28 20:00:00
805,Поставщик 3,2020-09-30 08:00:00,2020-09-30 20:00:00
806,Поставщик 3,2020-10-02 08:00:00,2020-10-02 20:00:00
807,Поставщик 3,2020-10-04 08:00:00,2020-10-04 20:00:00
808,Поставщик 3,2020-10-06 08:00:00,2020-10-06 20:00:00
809,Поставщик 3,2020-10-08 08:00:00,2020-10-08 20:00:00
810,Поставщик 3,2020-10-10 08:00:00,2020-10-10 20:00:00
811,Поставщик 3,2020-10-12 08:00:00,2020-10-12 20:00:00
812,Поставщик 3,2020-10-14 08:00:00,2020-10-14 20:00:00
813,Поставщик 3,2020-10-16 08:00:00,2020-10-16 20:00:00
814,Поставщик 3,2020-10-18 08:00:00,2020-10-18 20:00:00
815,Поставщик 3,2020-10-20 08:00:00,2020-10-20 20:00:00
816,Поставщик 3,2020-10-22 08:00:00,2020-10-22 20:00:00
817,Поставщик 3,2020-10-24 08:00:00,2020-10-24 20:00:00
818,Поставщик 3,2020-10-26 08:00:00,2020-10-26 20:00:00
819,Поставщик 3,2020-10-28 08:00:00,2020-10-28 20:00:00
820,Поставщик 3,2020-10-30 08:00:00,2020-10-30 20:00:00
821,Поставщик 3,2020-11-01 08:00:00,2020-11-01 20:00:00
822,Поставщик 3,2020-11-03 08:00:00,2020-11-03 20:00:00
823,Поставщик 3,2020-11-05 08:00:00,2020-11-05 20:00:00
824,Поставщик 3,2020-11-07 08:00:00,2020-11-07 20:00:00
825,Поставщик 3,2020-11-09 08:00:00,2020-11-09 20:00:00
826,Поставщик 3,2020-11-11 08:00:00,2020-11-11 20:00:00
827,Поставщик 3,2020-11-13 08:00:00,2020-11-13 20:00:00
828,Поставщик 3,2020-11-15 08:00:00,2020-11-15 20:00:00
829,Поставщик 3,2020-11-17 08:00:00,2020-11-17 20:00:00
830,Поставщик 3,2020-11-19 08:00:00,2020-11-19 20:00:00
831,Поставщик 3,2020-11-21 08:00:00,2020-11-21 20:00:00
832,Поставщик 3,2020-11-23 08:00:00,2020-11-23 20:00:00
833,Поставщик 3,2020-11-25 08:00:00,2020-11-25 20:00:00
834,Поставщик 3,2020-11-27 08:00:00,2020-11-27 20:00:00
835,Поставщик 3,2020-11-29 08:00:00,2020-11-29 20:00:00
836,Поставщик 3,2020-12-01 08:00:00,2020-12-01 20:00:00
837,Поставщик 3,2020-12-03 08:00:00,2020-12-03 20:00:00
838,Поставщик 3,2020-12-05 08:00:00,2020-12-05 20:00:00
839,Поставщик 3,2020-12-07 08:00:00,2020-12-07 20:00:00
840,Поставщик 3,2020-12-09 08:00:00,2020-12-09 20:00:00
841,Поставщик 3,2020-12-11 08:00:00,2020-12-11 20:00:00
842,Поставщик 3,2020-12-13 08:00:00,2020-12-13 20:00:00
843,Поставщик 3,2020-12-15 08:00:00,2020-12-15 20:00:00
844,Поставщик 3,2020-12-17 08:00:00,2020-12-17 20:00:00
845,Поставщик 3,2020-12-19 08:00:00,2020-12-19 20:00:00
846,Поставщик 3,2020-12-21 08:00:00,2020-12-21 20:00:00
847,Поставщик 3,2020-12-23 08:00:00,2020-12-23 20:00:00
848,Поставщик 3,2020-12-25 08:00:00,2020-12-25 20:00:00
849,Поставщик 3,2020-12-27 08:00:00,2020-12-27 20:00:00
850,Поставщик 3,2020-12-29 08:00:00,2020-12-29 20:00:00
851,Поставщик 3,2020-12-31 08:00:00,2020-12-31 20:00:00
852,Поставщик 3,2021-01-02 08:00:00,2021-01-02 20:00:00
853,Поставщик 3,2021-01-04 08:00:00,2021-01-04 20:00:00
854,Поставщик 3,2021-01-06 08:00:00,2021-01-06 20:00:00
855,Поставщик 3,2021-01-08 08:00:00,2021-01-08 20:00:00
856,Поставщик 3,2021-01-10 08:00:00,2021-01-10 20:00:00
857,Поставщик 3,2021-01-12 08:00:00,2021-01-12 20:00:00
858,Поставщик 3,2021-01-14 08:00:00,2021-01-14 20:00:00
859,Поставщик 3,2021-01-16 08:00:00,2021-01-16 20:00:00
860,Поставщик 3,2021-01-18 08:00:00,2021-01-18 20:00:00
861,Поставщик 3,2021-01-20 08:00:00,2021-01-20 20:00:00
862,Поставщик 3,2021-01-22 08:00:00,2021-01-22 20:00:00
863,Поставщик 3,2021-01-24 08:00:00,2021-01-24 20:00:00
864,Поставщик 3,2021-01-26 08:00:00,2021-01-26 20:00:00
865,Поставщик 3,2021-01-28 08:00:00,2021-01-28 20:00:00
866,Поставщик 3,2021-01-30 08:00:00,2021-01-30 20:00:00
867,Поставщик 3,2021-02-01 08:00:00,2021-02-01 20:00:00
868,Поставщик 3,2021-02-03 08:00:00,2021-02-03 20:00:00
869,Поставщик 3,2021-02-05 08:00:00,2021-02-05 20:00:00
870,Поставщик 3,2021-02-07 08:00:00,2021-02-07 20:00:00
871,Поставщик 3,2021-02-09 08:00:00,2021-02-09 20:00:00
872,Поставщик 3,2021-02-11 08:00:00,2021-02-11 20:00:00
873,Поставщик 3,2021-02-13 08:00:00,2021-02-13 20:00:00
874,Поставщик 3,2021-02-15 08:00:00,2021-02-15 20:00:00
875,Поставщик 3,2021-02-17 08:00:00,2021-02-17 20:00:00
876,Поставщик 3,2021-02-19 08:00:00,2021-02-19 20:00:00
877,Поставщик 3,2021-02-21 08:00:00,2021-02-21 20:00:00
878,Поставщик 3,2021-02-23 08:00:00,2021-02-23 20:00:00
879,Поставщик 3,2021-02-25 08:00:00,2021-02-25 20:00:00
880,Поставщик 3,2021-02-27 08:00:00,2021-02-27 20:00:00
881,Поставщик 3,2021-03-01 08:00:00,2021-03-01 20:00:00
882,Поставщик 3,2021-03-03 08:00:00,2021-03-03 20:00:00
883,Поставщик 3,2021-03-05 08:00:00,2021-03-05 20:00:00
884,Поставщик 3,2021-03-07 08:00:00,2021-03-07 20:00:00
885,Поставщик 3,2021-03-09 08:00:00,2021-03-09 20:00:00
886,Поставщик 3,2021-03-11 08:00:00,2021-03-11 20:00:00
887,Поставщик 3,2021-03-13 08:00:00,2021-03-13 20:00:00
888,Поставщик 3,2021-03-15 08:00:00,2021-03-15 20:00:00
889,Поставщик 3,2021-03-17 08:00:00,2021-03-17 20:00:00
890,Поставщик 3,2021-03-19 08:00:00,2021-03-19 20:00:00
891,Поставщик 3,2021-03-21 08:00:00,2021-03-21 20:00:00
892,Поставщик 3,2021-03-23 08:00:00,2021-03-23 20:00:00
893,Поставщик 3,2021-03-25 08:00:00,2021-03-25 20:00:00
894,Поставщик 3,2021-03-27 08:00:00,2021-03-27 20:00:00
895,Поставщик 3,2021-03-29 08:00:00,2021-03-29 20:00:00
896,Поставщик 3,2021-03-31 08:00:00,2021-03-31 20:00:00
897,Поставщик 3,2021-04-02 08:00:00,2021-04-02 20:00:00
898,Поставщик 3,2021-04-04 08:00:00,2021-04-04 20:00:00
899,Поставщик 3,2021-04-06 08:00:00,2021-04-06 20:00:00
900,Поставщик 3,2021-04-08 08:00:00,2021-04-08 20:00:00
901,Поставщик 3,2021-04-10 08:00:00,2021-04-10 20:00:00
902,Поставщик 3,2021-04-12 08:00:00,2021-04-12 20:00:00
903,Поставщик 3,2021-04-14 08:00:00,2021-04-14 20:00:00
904,Поставщик 3,2021-04-16 08:00:00,2021-04-16 20:00:00
905,Поставщик 3,2021-04-18 08:00:00,2021-04-18 20:00:00
906,Поставщик 3,2021-04-20 08:00:00,2021-04-20 20:00:00
907,Поставщик 3,2021-04-22 08:00:00,2021-04-22 20:00:00
908,Поставщик 3,2021-04-24 08:00:00,2021-04-24 20:00:00
909,Поставщик 3,2021-04-26 08:00:00,2021-04-26 20:00:00
910,Поставщик 3,2021-04-28 08:00:00,2021-04-28 20:00:00
911,Поставщик 3,2021-04-30 08:00:00,2021-04-30 20:00:00
912,Поставщик 3,2021-05-02 08:00:00,2021-05-02 20:00:00
913,Поставщик 3,2021-05-04 08:00:00,2021-05-04 20:00:00
914,Поставщик 3,2021-05-06 08:00:00,2021-05-06 20:00:00
915,Поставщик 3,2021-05-08 08:00:00,2021-05-08 20:00:00
916,Поставщик 3,2021-05-10 08:00:00,2021-05-10 20:00:00
917,Поставщик 3,2021-05-12 08:00:00,2021-05-12 20:00:00
918,Поставщик 3,2021-05-14 08:00:00,2021-05-14 20:00:00
919,Поставщик 3,2021-05-16 08:00:00,2021-05-16 20:00:00
920,Поставщик 3,2021-05-18 08:00:00,2021-05-18 20:00:00
921,Поставщик 3,2021-05-20 08:00:00,2021-05-20 20:00:00
922,Поставщик 3,2021-05-22 08:00:00,2021-05-22 20:00:00
923,Поставщик 3,2021-05-24 08:00:00,2021-05-24 20:00:00
924,Поставщик 3,2021-05-26 08:00:00,2021-05-26 20:00:00
925,Поставщик 3,2021-05-28 08:00:00,2021-05-28 20:00:00
926,Поставщик 3,2021-05-30 08:00:00,2021-05-30 20:00:00
927,Поставщик 3,2021-06-01 08:00:00,2021-06-01 20:00:00
928,Поставщик 3,2021-06-03 08:00:00,2021-06-03 20:00:00
929,Поставщик 3,2021-06-05 08:00:00,2021-06-05 20:00:00
930,Поставщик 3,2021-06-07 08:00:00,2021-06-07 20:00:00
931,Поставщик 3,2021-06-09 08:00:00,2021-06-09 20:00:00
932,Поставщик 3,2021-06-11 08:00:00,2021-06-11 20:00:00
933,Поставщик 3,2021-06-13 08:00:00,2021-06-13 20:00:00
934,Поставщик 3,2021-06-15 08:00:00,2021-06-15 20:00:00
935,Поставщик 3,2021-06-17 08:00:00,2021-06-17 20:00:00
936,Поставщик 3,2021-06-19 08:00:00,2021-06-19 20:00:00
937,Поставщик 3,2021-06-21 08:00:00,2021-06-21 20:00:00
938,Поставщик 3,2021-06-23 08:00:00,2021-06-23 20:00:00
939,Поставщик 3,2021-06-25 08:00:00,2021-06-25 20:00:00
940,Поставщик 3,2021-06-27 08:00:00,2021-06-27 20:00:00
941,Поставщик 3,2021-06-29 08:00:00,2021-06-29 20:00:00
942,Поставщик 3,2021-07-01 08:00:00,2021-07-01 20:00:00
943,Поставщик 3,2021-07-03 08:00:00,2021-07-03 20:00:00
944,Поставщик 3,2021-07-05 08:00:00,2021-07-05 20:00:00
945,Поставщик 3,2021-07-07 08:00:00,2021-07-07 20:00:00
946,Поставщик 3,2021-07-09 08:00:00,2021-07-09 20:00:00
947,Поставщик 3,2021-07-11 08:00:00,2021-07-11 20:00:00
948,Поставщик 3,2021-07-13 08:00:00,2021-07-13 20:00:00
949,Поставщик 3,2021-07-15 08:00:00,2021-07-15 20:00:00
950,Поставщик 3,2021-07-17 08:00:00,2021-07-17 20:00:00
951,Поставщик 3,2021-07-19 08:00:00,2021-07-19 20:00:00
952,Поставщик 3,2021-07-21 08:00:00,2021-07-21 20:00:00
953,Поставщик 3,2021-07-23 08:00:00,2021-07-23 20:00:00
954,Поставщик 3,2021-07-25 08:00:00,2021-07-25 20:00:00
955,Поставщик 3,2021-07-27 08:00:00,2021-07-27 20:00:00
956,Поставщик 3,2021-07-29 08:00:00,2021-07-29 20:00:00
957,Поставщик 3,2021-07-31 08:00:00,2021-07-31 20:00:00
958,Поставщик 3,2021-08-02 08:00:00,2021-08-02 20:00:00
959,Поставщик 3,2021-08-04 08:00:00,2021-08-04 20:00:00
960,Поставщик 3,2021-08-06 08:00:00,2021-08-06 20:00:00
961,Поставщик 3,2021-08-08 08:00:00,2021-08-08 20:00:00
962,Поставщик 3,2021-08-10 08:00:00,2021-08-10 20:00:00
963,Поставщик 3,2021-08-12 08:00:00,2021-08-12 20:00:00
964,Поставщик 3,2021-08-14 08:00:00,2021-08-14 20:00:00
965,Поставщик 3,2021-08-16 08:00:00,2021-08-16 20:00:00
966,Поставщик 3,2021-08-18 08:00:00,2021-08-18 20:00:00
